timesteps,reward,episode_length
8192,0.0,2048
8192,0.0,2048
8192,0.0,2048
8192,0.0,2048
16384,0.0,2048
16384,0.0,2048
16384,0.0,2048
16384,0.0,2048
24576,1.0,2048
24576,1.0,2048
24576,0.0,2048
24576,0.0,2048
32768,0.0,2048
32768,0.0,2048
32768,0.0,2048
32768,0.0,2048
40960,0.0,2048
40960,0.0,2048
40960,0.0,2048
40960,0.0,2048
49152,1.0,2048
49152,0.0,2048
49152,1.0,2048
49152,1.0,2048
57344,0.0,2048
57344,0.0,2048
57344,0.0,2048
57344,0.0,2048
65536,0.0,2048
65536,0.0,2048
65536,0.0,2048
65536,0.0,2048
73728,0.0,2048
73728,0.0,2048
73728,0.0,2048
73728,0.0,2048
81920,0.0,2048
81920,0.0,2048
81920,0.0,2048
81920,0.0,2048
90112,0.0,2048
90112,0.0,2048
90112,0.0,2048
90112,0.0,2048
98304,0.0,2048
98304,0.0,2048
98304,0.0,2048
98304,1.0,2048
106496,0.0,2048
106496,0.0,2048
106496,0.0,2048
106496,0.0,2048
114688,0.0,2048
114688,0.0,2048
114688,0.0,2048
114688,0.0,2048
122880,0.0,2048
122880,0.0,2048
122880,0.0,2048
122880,0.0,2048
131072,0.0,2048
131072,0.0,2048
131072,0.0,2048
131072,0.0,2048
139264,0.0,2048
139264,0.0,2048
139264,0.0,2048
139264,0.0,2048
147456,0.0,2048
147456,0.0,2048
147456,0.0,2048
147456,0.0,2048
155648,0.0,2048
155648,0.0,2048
155648,0.0,2048
155648,0.0,2048
163840,0.0,2048
163840,0.0,2048
163840,0.0,2048
163840,0.0,2048
172032,0.0,2048
172032,0.0,2048
172032,0.0,2048
172032,0.0,2048
180224,0.0,2048
180224,0.0,2048
180224,0.0,2048
180224,0.0,2048
188416,0.0,2048
188416,0.0,2048
188416,1.0,2048
188416,0.0,2048
196608,0.0,2048
196608,0.0,2048
196608,0.0,2048
196608,0.0,2048
